"Id";"Designator";"Footprint";"Quantity";"Designation";"Supplier and ref";
1;"BT1";"JST_PH_S2B-PH-K_1x02_P2.00mm_Horizontal";1;"PH 2-pin battery RIGHT-ANGLE HORIZONTAL | S2B-PH-K(LF)(SN) | JST | THT right-angle horizontal 2.00mm";;;
2;"C_3V3_1, C_XBEE_VCC4";"C_0603_1608Metric";2;"10µF | CL10A106KP8NNNC | Samsung Electro-Mechanics | 0603";;;
3;"C_3V3_2, C_DBNC1, C_HALL1, C_LATCH_G1, C_OLED_2, C_RGB1, C_STICK1, C_SYS_2, C_VIN_2, C_XBEE_RC1, C_XBEE_VCC1";"C_0402_1005Metric";11;"100nF | CL05B104KO5NNNC | Samsung Electro-Mechanics | 0402";;;
4;"C_3V3_3";"C_0402_1005Metric";1;"39pF | CC0402JRNPO9BN390 | Yageo | 0402";;;
5;"C_ACCEL_1";"C_0402_1005Metric";1;"10nF | CL05B103KB5NNNC | Samsung Electro-Mechanics | 0402";;;
6;"C_ACCEL_2";"C_0402_1005Metric";1;"100pF | 0402CG101J500NT | FH (Guangdong Fenghua Advanced Tech) | 0402";;;
7;"C_ACCEL_3";"C_0402_1005Metric";1;"2.2nF | CL05B222KB5NNNC | Samsung Electro-Mechanics | 0402";;;
8;"C_BAT1, C_BUCK_IN1, C_OLED_1, C_SYS_1, C_VIN_1";"C_0805_2012Metric";5;"10µF | CL21A106KAYNNNE | Samsung Electro-Mechanics | 0805";;;
9;"C_BUCK_OUT1";"C_0805_2012Metric";1;"22µF | CL21A226MAQNNNE | Samsung Electro-Mechanics | 0805";;;
10;"C_XBEE_VCC2";"C_0603_1608Metric";1;"1µF | CL10A105KB8NNNC | Samsung Electro-Mechanics | 0603";;;
11;"C_XBEE_VCC3";"C_0402_1005Metric";1;"47pF | 0402CG470J500NT | FH (Guangdong Fenghua Advanced Tech) | 0402";;;
12;"D_INV_ISO1";"SOT-323_SC-70";1;"BAT54W-7-F | Diodes Incorporated | SOT-323 (SC-70)";;;
13;"D_OR1, D_OR2";"D_SOD-123";2;"1N4148W | ST(Semtech) | SOD-123";;;
14;"D_RGB1";"SK6812MINI-E-012";1;"SK6812MINI-E-012 | SK6812MINI-E | OPSCO Optoelectronics | SMD 3.2x2.8mm";;;
15;"D_VBUS_TVS1";"D_SOD-323";1;"TPPESD5V0S1BA | TECH PUBLIC | SOD-323";;;
16;"J_USB1";"USB_C_Receptacle_HRO_TYPE-C-31-M-12";1;"USB-C | TYPE-C-31-M-12 | Hroparts Elec | USB-C receptacle";;;
17;"L_BUCK1";"L_Bourns-SRN4018";1;"2.2µH | SRN4018-2R2M | Bourns | 4.0x4.0mm SMD";;;
18;"Q_INV1";"SOT-23";1;"MMBT3904(RANGE:100-300) | Jiangsu Changjing Electronics Technology Co Ltd | SOT-23";;;
19;"Q_LATCH1";"SOT-23";1;"AO3400A | Alpha & Omega Semicon | SOT-23";;;
20;"Q_PWR1";"SOT-23";1;"AO3401A | Alpha & Omega Semicon | SOT-23";;;
21;"R_BOOT_PU1, R_EN_PU1, R_STAT1, R_STAT2, R_TS1, R_XBEE_ATTN_PU1, R_XBEE_RST1";"R_0402_1005Metric";7;"10kΩ | 0402WGF1002TCE | UNI-ROYAL(Uniroyal Elec) | 0402";;;
22;"R_BTN_PU1, R_GATE1, R_INV_BASE1, R_INV_PU1, R_PWR_EN_PD1, R_VSYS2";"R_0402_1005Metric";6;"100kΩ | 0402WGF1003TCE | UNI-ROYAL(Uniroyal Elec) | 0402";;;
23;"R_CC1, R_CC2";"R_0402_1005Metric";2;"5.1kΩ | 0402WGF5101TCE | UNI-ROYAL(Uniroyal Elec) | 0402";;;
24;"R_FB1";"R_0402_1005Metric";1;"RC0402FR-07255KL | Yageo | 0402";;;
25;"R_FB2";"R_0402_1005Metric";1;"56.2kΩ | RC0402FR-0756K2L | Yageo | 0402";;;
26;"R_ISET1";"R_0402_1005Metric";1;"AC0402FR-07604RL | Yageo | 0402";;;
27;"R_LATCH_G1";"R_0402_1005Metric";1;"1MΩ | 0402WGF1004TCE | UNI-ROYAL(Uniroyal Elec) | 0402";;;
28;"R_RGB1";"R_0402_1005Metric";1;"0402WGF4700TCE | UNI-ROYAL(Uniroyal Elec) | 0402";;;
29;"R_USB_DM1, R_USB_DP1";"R_0402_1005Metric";2;"RC0402FR-0727RL | Yageo | 0402";;;
30;"R_VSET1";"R_0402_1005Metric";1;"RC0402FR-0718KL | Yageo | 0402";;;
31;"R_VSYS1";"R_0402_1005Metric";1;"200kΩ | 0402WGF2003TCE | UNI-ROYAL(Uniroyal Elec) | 0402";;;
32;"R_XBEE_RC1";"R_0402_1005Metric";1;"0402WGF1000TCE | UNI-ROYAL(Uniroyal Elec) | 0402";;;
33;"SW_BOOT1";"SW_SPST_EVQP2_ShortPushTravel_H2.1mm";1;"Panasonic_EVQP2 | EVQP2T02M | Panasonic | SMD tactile 2.1mm";;;
34;"SW_MACRO1, SW_MACRO2, SW_MACRO3, SW_MACRO4, SW_MACRO5, SW_MACRO6";"SW_Push_1TS009xxxx-xxxx-xxxx_6x6x5mm";6;"6x6x5mm SMD Tactile | 1TS009A-1800-5000-CT | Hongyuan Precision | SMD tactile 6x6x5mm";;;
35;"SW_PWR1, SW_THR_DN1, SW_THR_UP1, SW_TRIG_DIG1, SW_VOL_DN1, SW_VOL_UP1";"SW_Push_1P1T-MP_NO_Horizontal_Alps_SKRTLAE010";6;"SKRTLAE010 | Alps Alpine | SMD tactile horizontal";;;
36;"U_ACCEL1";"QMA6100P";1;"QMA6100P | QST | LGA-12 2x2mm";;;
37;"U_BUCK1";"SOT-23-5";1;"TLV62569DBVR | Texas Instruments | SOT-23-5";;;
38;"U_CHG1";"IC_BQ25185DLHR";1;"BQ25185DLHR | Texas Instruments | WSON-10 2.2x2.0mm";;;
39;"U_MCU1";"ESP32-S3-WROOM-1";1;"ESP32-S3-WROOM-1-N8 | Espressif Systems | SMD module 18x25.5mm";;;
40;"U_OLED1";"JST_SH_SM04B-SRSS-TB_1x04-1MP_P1.00mm_Horizontal";1;"JST-SH_4Pin_OLED | SM04B-SRSS-TB(LF)(SN) | JST | SMD horizontal 1.00mm 4-pin";;;
